ID,"Class"
750,Blankenship
751,Blankenship
752,Blankenship
753,Blankenship
754,Blankenship
755,Blankenship
756,Blankenship
757,Blankenship
758,Blankenship
759,Blankenship
760,Blankenship
761,Blankenship
762,Blankenship
763,Blankenship
764,Blankenship
765,Blankenship
766,Blankenship
767,Blankenship
768,Blankenship
769,Blankenship
770,Blankenship
771,Blankenship
772,Blankenship
773,Blankenship
774,Blankenship
775,Blankenship
776,Blankenship
777,Blankenship
778,Blankenship
779,Blankenship
780,Blankenship
781,Blankenship
782,Blankenship
783,Blankenship
784,Blankenship
785,Blankenship
786,Blankenship
787,Blankenship
788,Blankenship
789,Blankenship
790,Blankenship
791,Blankenship
792,Blankenship
793,Blankenship
794,Blankenship
795,Blankenship
796,Blankenship
797,Blankenship
798,Blankenship
799,Blankenship
800,Blankenship
801,Blankenship
802,Blankenship
803,Blankenship
804,Blankenship
805,Blankenship
806,Blankenship
807,Blankenship
808,Blankenship
809,Blankenship
810,Blankenship
811,Blankenship
812,Blankenship
813,Blankenship
814,Blankenship
815,Blankenship
816,Blankenship
817,Blankenship
818,Blankenship
819,Blankenship
820,Blankenship
821,Blankenship
822,Blankenship
823,Blankenship
824,Blankenship
825,Blankenship
826,Blankenship
827,Blankenship
828,Blankenship
829,Blankenship
830,Blankenship
831,Blankenship
832,Blankenship
833,Blankenship
834,Blankenship
835,Blankenship
836,Blankenship
837,Blankenship
838,Blankenship
839,Blankenship
840,Blankenship
841,Blankenship
842,Blankenship
843,Blankenship
844,Blankenship
845,Blankenship
846,Blankenship
847,Blankenship
848,Blankenship
849,Blankenship
850,Blankenship
851,Blankenship
852,Blankenship
853,Blankenship
854,Blankenship
855,Blankenship
856,Blankenship
857,Blankenship
858,Blankenship
859,Blankenship
860,Blankenship
861,Blankenship
862,Blankenship
863,Blankenship
864,Blankenship
865,Blankenship
866,Blankenship
867,Blankenship
868,Blankenship
869,Blankenship
870,Blankenship
871,Blankenship
872,Blankenship
873,Blankenship
874,Blankenship
875,Blankenship
876,Blankenship
877,Blankenship
878,Blankenship
879,Blankenship
880,Blankenship
881,Blankenship
882,Blankenship
883,Blankenship
884,Blankenship
885,Blankenship
886,Blankenship
887,Blankenship
888,Blankenship
889,Blankenship
890,Blankenship
891,Blankenship
892,Blankenship
893,Blankenship
894,Blankenship
895,Blankenship
896,Blankenship
897,Blankenship
898,Blankenship
899,Blankenship
900,Blankenship
901,Blankenship
902,Blankenship
903,Blankenship
904,Blankenship
905,Blankenship
906,Blankenship
907,Blankenship
908,Blankenship
909,Blankenship
910,Blankenship
911,Blankenship
912,Blankenship
913,Blankenship
914,Blankenship
915,Blankenship
916,Blankenship
917,Blankenship
918,Blankenship
919,Blankenship
920,Blankenship
921,Blankenship
922,Blankenship
923,Blankenship
924,Blankenship
925,Blankenship
926,Blankenship
927,Blankenship
928,Blankenship
929,Blankenship
930,Blankenship
931,Blankenship
932,Blankenship
933,Blankenship
934,Blankenship
935,Blankenship
936,Blankenship
937,Blankenship
938,Blankenship
939,Blankenship
940,Blankenship
941,Blankenship
942,Blankenship
943,Blankenship
944,Blankenship
945,Blankenship
946,Blankenship
947,Blankenship
948,Blankenship
949,Blankenship
950,Blankenship
951,Blankenship
952,Blankenship
953,Blankenship
954,Blankenship
955,Blankenship
956,Blankenship
957,Blankenship
958,Blankenship
959,Blankenship
960,Blankenship
961,Blankenship
962,Blankenship
963,Blankenship
964,Blankenship
965,Blankenship
966,Blankenship
967,Blankenship
968,Blankenship
969,Blankenship
970,Blankenship
971,Blankenship
972,Blankenship
973,Blankenship
974,Blankenship
975,Blankenship
976,Blankenship
977,Blankenship
978,Blankenship
979,Blankenship
980,Blankenship
981,Blankenship
982,Blankenship
983,Blankenship
984,Blankenship
985,Blankenship
986,Blankenship
987,Blankenship
988,Blankenship
989,Blankenship
990,Blankenship
991,Blankenship
992,Blankenship
993,Blankenship
994,Blankenship
995,Blankenship
996,Blankenship
997,Blankenship
998,Blankenship
999,Blankenship
1000,Blankenship
1001,Blankenship
1002,Blankenship
1003,Blankenship
1004,Blankenship
1005,Blankenship
1006,Blankenship
1007,Blankenship
1008,Blankenship
1009,Blankenship
1010,Blankenship
1011,Blankenship
1012,Blankenship
1013,Blankenship
1014,Blankenship
1015,Blankenship
1016,Blankenship
1017,Blankenship
1018,Blankenship
1019,Blankenship
1020,Blankenship
1021,Blankenship
1022,Blankenship
1023,Blankenship
1024,Blankenship
1025,Blankenship
1026,Blankenship
1027,Blankenship
1028,Blankenship
1029,Blankenship
1030,Blankenship
1031,Blankenship
1032,Blankenship
1033,Blankenship
1034,Blankenship
1035,Blankenship
1036,Blankenship
1037,Blankenship
1038,Blankenship
1039,Blankenship
1040,Blankenship
1041,Blankenship
1042,Blankenship
1043,Blankenship
1044,Blankenship
1045,Blankenship
1046,Blankenship
1047,Blankenship
1048,Blankenship
1049,Blankenship
1050,Blankenship
1051,Blankenship
1052,Blankenship
1053,Blankenship
1054,Blankenship
1055,Blankenship
1056,Blankenship
1057,Blankenship
1058,Blankenship
1059,Blankenship
1060,Blankenship
1061,Blankenship
1062,Blankenship
1063,Blankenship
1064,Blankenship
1065,Blankenship
1066,Blankenship
1067,Blankenship
1068,Blankenship
1069,Blankenship
1070,Blankenship
1071,Blankenship
1072,Blankenship
1073,Blankenship
1074,Blankenship
1075,Blankenship
1076,Blankenship
1077,Blankenship
1078,Blankenship
1079,Blankenship
1080,Blankenship
1081,Blankenship
1082,Blankenship
1083,Blankenship
1084,Blankenship
1085,Blankenship
1086,Blankenship
1087,Blankenship
1088,Blankenship
1089,Blankenship
1090,Blankenship
1091,Blankenship
1092,Blankenship
1093,Blankenship
1094,Blankenship
1095,Blankenship
1096,Blankenship
1097,Blankenship
1098,Blankenship
1099,Blankenship
1100,Blankenship
1101,Blankenship
1102,Blankenship
1103,Blankenship
1104,Blankenship
1105,Blankenship
1106,Blankenship
1107,Blankenship
1108,Blankenship
1109,Blankenship
1110,Blankenship
1111,Blankenship
1112,Blankenship
1113,Blankenship
1114,Blankenship
1115,Blankenship
1116,Blankenship
1117,Blankenship
1118,Blankenship
1119,Blankenship
1120,Blankenship
1121,Blankenship
1122,Blankenship
1123,Blankenship
1124,Blankenship
1125,Blankenship
1126,Blankenship
1127,Blankenship
1128,Blankenship
1129,Blankenship
1130,Blankenship
1131,Blankenship
1132,Blankenship
1133,Blankenship
1134,Blankenship
1135,Blankenship
1136,Blankenship
1137,Blankenship
1138,Blankenship
1139,Blankenship
1140,Blankenship
1141,Blankenship
1142,Blankenship
1143,Blankenship
1144,Blankenship
1145,Blankenship
1146,Blankenship
1147,Blankenship
1148,Blankenship
1149,Blankenship
1150,Blankenship
1151,Blankenship
1152,Blankenship
1153,Blankenship
1154,Blankenship
1155,Blankenship
1156,Blankenship
1157,Blankenship
1158,Blankenship
1159,Blankenship
1160,Blankenship
1161,Blankenship
1162,Blankenship
1163,Blankenship
1164,Blankenship
1165,Blankenship
1166,Blankenship
1167,Blankenship
1168,Blankenship
1169,Blankenship
1170,Blankenship
1171,Blankenship
1172,Blankenship
1173,Blankenship
1174,Blankenship
1175,Blankenship
1176,Blankenship
1177,Blankenship
1178,Blankenship
1179,Blankenship
1180,Blankenship
1181,Blankenship
1182,Blankenship
1183,Blankenship
1184,Blankenship
1185,Blankenship
1186,Blankenship
1187,Blankenship
1188,Blankenship
1189,Blankenship
1190,Blankenship
1191,Blankenship
1192,Blankenship
1193,Blankenship
1194,Blankenship
1195,Blankenship
1196,Blankenship
1197,Blankenship
1198,Blankenship
1199,Blankenship
1200,Blankenship
1201,Blankenship
1202,Blankenship
1203,Blankenship
1204,Blankenship
1205,Blankenship
1206,Blankenship
1207,Blankenship
1208,Blankenship
1209,Blankenship
1210,Blankenship
1211,Blankenship
1212,Blankenship
1213,Blankenship
1214,Blankenship
1215,Blankenship
1216,Blankenship
1217,Blankenship
1218,Blankenship
1219,Blankenship
1220,Blankenship
1221,Blankenship
1222,Blankenship
1223,Blankenship
1224,Blankenship
1225,Blankenship
1226,Blankenship
1227,Blankenship
1228,Blankenship
1229,Blankenship
1230,Blankenship
1231,Blankenship
1232,Blankenship
1233,Blankenship
1234,Blankenship
1235,Blankenship
1236,Blankenship
1237,Blankenship
1238,Blankenship
1239,Blankenship
1240,Blankenship
1241,Blankenship
1242,Blankenship
1243,Blankenship
1244,Blankenship
1245,Blankenship
1246,Blankenship
1247,Blankenship
1248,Blankenship
1249,Blankenship
1250,Blankenship
1251,Blankenship
1252,Blankenship
1253,Blankenship
1254,Blankenship
1255,Blankenship
1256,Blankenship
1257,Blankenship
1258,Blankenship
1259,Blankenship
1260,Blankenship
1261,Blankenship
1262,Blankenship
1263,Blankenship
1264,Blankenship
1265,Blankenship
1266,Blankenship
1267,Blankenship
1268,Blankenship
1269,Blankenship
1270,Blankenship
1271,Blankenship
1272,Blankenship
1273,Blankenship
1274,Blankenship
1275,Blankenship
1276,Blankenship
1277,Blankenship
1278,Blankenship
1279,Blankenship
1280,Blankenship
1281,Blankenship
1282,Blankenship
1283,Blankenship
1284,Blankenship
1285,Blankenship
1286,Blankenship
1287,Blankenship
1288,Blankenship
1289,Blankenship
1290,Blankenship
1291,Blankenship
1292,Blankenship
1293,Blankenship
1294,Blankenship
1295,Blankenship
1296,Blankenship
1297,Blankenship
1298,Blankenship
1299,Blankenship
1300,Blankenship
1301,Blankenship
1302,Blankenship
1303,Blankenship
1304,Blankenship
1305,Blankenship
1306,Blankenship
1307,Blankenship
1308,Blankenship
1309,Blankenship
1310,Blankenship
1311,Blankenship
1312,Blankenship
1313,Blankenship
1314,Blankenship
1315,Blankenship
1316,Blankenship
1317,Blankenship
1318,Blankenship
1319,Blankenship
1320,Blankenship
1321,Blankenship
1322,Blankenship
1323,Blankenship
1324,Blankenship
1325,Blankenship
1326,Blankenship
1327,Blankenship
1328,Blankenship
1329,Blankenship
1330,Blankenship
1331,Blankenship
1332,Blankenship
1333,Blankenship
1334,Blankenship
1335,Blankenship
1336,Blankenship
1337,Blankenship
1338,Blankenship
1339,Blankenship
1340,Blankenship
1341,Blankenship
1342,Blankenship
1343,Blankenship
1344,Blankenship
1345,Blankenship
1346,Blankenship
1347,Blankenship
1348,Blankenship
1349,Blankenship
1350,Blankenship
1351,Blankenship
1352,Blankenship
1353,Blankenship
1354,Blankenship
1355,Blankenship
1356,Blankenship
1357,Blankenship
1358,Blankenship
1359,Blankenship
1360,Blankenship
1361,Blankenship
1362,Blankenship
1363,Blankenship
1364,Blankenship
1365,Blankenship
1366,Blankenship
1367,Blankenship
1368,Blankenship
1369,Blankenship
1370,Blankenship
1371,Blankenship
1372,Blankenship
1373,Blankenship
1374,Blankenship
1375,Blankenship
1376,Blankenship
1377,Blankenship
1378,Blankenship
1379,Blankenship
1380,Blankenship
1381,Blankenship
1382,Blankenship
1383,Blankenship
1384,Blankenship
1385,Blankenship
1386,Blankenship
1387,Blankenship
1388,Blankenship
1389,Blankenship
1390,Blankenship
1391,Blankenship
1392,Blankenship
1393,Blankenship
1394,Blankenship
1395,Blankenship
1396,Blankenship
1397,Blankenship
1398,Blankenship
1399,Blankenship
1400,Blankenship
1401,Blankenship
1402,Blankenship
1403,Blankenship
1404,Blankenship
1405,Blankenship
1406,Blankenship
1407,Blankenship
1408,Blankenship
1409,Blankenship
1410,Blankenship
1411,Blankenship
1412,Blankenship
1413,Blankenship
1414,Blankenship
1415,Blankenship
1416,Blankenship
1417,Blankenship
1418,Blankenship
1419,Blankenship
1420,Blankenship
1421,Blankenship
1422,Blankenship
1423,Blankenship
1424,Blankenship
1425,Blankenship
1426,Blankenship
1427,Blankenship
1428,Blankenship
1429,Blankenship
1430,Blankenship
1431,Blankenship
1432,Blankenship
1433,Blankenship
1434,Blankenship
1435,Blankenship
1436,Blankenship
1437,Blankenship
1438,Blankenship
1439,Blankenship
1440,Blankenship
1441,Blankenship
1442,Blankenship
1443,Blankenship
1444,Blankenship
1445,Blankenship
1446,Blankenship
1447,Blankenship
1448,Blankenship
1449,Blankenship
1450,Blankenship
1451,Blankenship
1452,Blankenship
1453,Blankenship
1454,Blankenship
1455,Blankenship
1456,Blankenship
1457,Blankenship
1458,Blankenship
1459,Blankenship
1460,Blankenship
1461,Blankenship
1462,Blankenship
1463,Blankenship
1464,Blankenship
1465,Blankenship
1466,Blankenship
1467,Blankenship
1468,Blankenship
1469,Blankenship
1470,Blankenship
1471,Blankenship
1472,Blankenship
1473,Blankenship
1474,Blankenship
1475,Blankenship
1476,Blankenship
1477,Blankenship
1478,Blankenship
1479,Blankenship
1480,Blankenship
1481,Blankenship
1482,Blankenship
1483,Blankenship
1484,Blankenship
1485,Blankenship
1486,Blankenship
1487,Blankenship
1488,Blankenship
1489,Blankenship
1490,Blankenship
1491,Blankenship
1492,Blankenship
1493,Blankenship
1494,Blankenship
1495,Blankenship
1496,Blankenship
1497,Blankenship
1498,Blankenship
1499,Blankenship
